subreddit,title,selftext,author,score,num_comments,created_utc,url,text,author_gender,tokens,text_length,dominant_topic,topic_label,hf_sent,vader
MensRights,i feel ashamed to call myself a human being.,"this last year or so i been thinking on and off about a debate i got utterly humiliate in (it was about the 1 in 5 rape thing) on this very sub, i feel like am such a failure for it and its been eating me up inside, how can i call myself a human being if i can't even successfully argue for the basic things i believe in?",Upper-Ad9228,13,61,2025-05-21 04:53:29,https://www.reddit.com/r/MensRights/comments/1krplew/i_feel_ashamed_to_call_myself_a_human_being/,"i feel ashamed to call myself a human being. this last year or so i been thinking on and off about a debate i got utterly humiliate in (it was about the 1 in 5 rape thing) on this very sub, i feel like am such a failure for it and its been eating me up inside, how can i call myself a human being if i can't even successfully argue for the basic things i believe in?",male,"['feel' 'ashamed' 'human' 'year' 'think' 'debate' 'utterly' 'humiliate'
 'rape' 'thing' 'sub' 'feel' 'failure' 'eat' 'inside' 'human'
 'successfully' 'argue' 'basic' 'thing' 'believe']",78,0,Life Experiences & Emotional Reflections,-0.9534199237823486,-0.929
TwoXChromosomes,It's really freaking hard to not hate Christians rn,Everytime I see a fucking Christian billboard I just feel pure anger. These lunatics are destroying all of society. I know I SHOUDNT feel anger towards just the average Christian but it's really hard not to when they're apart of the system and their leaders are doing this to us.,anonymousaccount183,19430,1954,2022-07-16 21:45:06,https://www.reddit.com/r/TwoXChromosomes/comments/w0r8wg/its_really_freaking_hard_to_not_hate_christians_rn/,It's really freaking hard to not hate Christians rn Everytime I see a fucking Christian billboard I just feel pure anger. These lunatics are destroying all of society. I know I SHOUDNT feel anger towards just the average Christian but it's really hard not to when they're apart of the system and their leaders are doing this to us.,female,"['freak' 'hard' 'hate' 'christians' 'rn' 'everytime' 'fucking' 'christian'
 'billboard' 'feel' 'pure' 'anger' 'lunatic' 'destroy' 'society' 'shoudnt'
 'feel' 'anger' 'average' 'christian' 'hard' 'apart' 'system' 'leader']",59,1,"Masculinity, Feminism & Social Norms",-0.949510395526886,-0.8483
TwoXChromosomes,Is anyone else having a panic attack right now?,"I‚Äôm so, so, so lost and disappointed watching the preliminary results come in. I‚Äôm confused. I‚Äôm hurt. I‚Äôm angry. I just don‚Äôt understand how many people in my country have been brainwashed to the point of voting against their own interests‚Ä¶ How the hell did we get here? ",azriel1014,28312,8547,2024-11-06 03:46:40,https://www.reddit.com/r/TwoXChromosomes/comments/1gkpi5q/is_anyone_else_having_a_panic_attack_right_now/,"Is anyone else having a panic attack right now? I‚Äôm so, so, so lost and disappointed watching the preliminary results come in. I‚Äôm confused. I‚Äôm hurt. I‚Äôm angry. I just don‚Äôt understand how many people in my country have been brainwashed to the point of voting against their own interests‚Ä¶ How the hell did we get here? ",female,"['panic' 'attack' 'right' 'lost' 'disappoint' 'watch' 'preliminary'
 'result' 'come' 'confused' 'hurt' 'angry' 'understand' 'country'
 'brainwash' 'point' 'voting' 'interest' 'hell']",57,0,Life Experiences & Emotional Reflections,-0.9449881911277771,-0.9806
Feminism,I'm so tired of the way the world treats ugly women,"I am an ugly woman and I am tired of the way men and other women treat ugly women. I don't understand what I have ever done to them. I just exist. However, ugly men are praised in our society. An ugly guy in my college group is getting compliments. And he's not even rich, tall or muscular. I am so angry about this :/",MorganaFictosexual,809,91,2025-04-27 16:33:38,https://www.reddit.com/r/Feminism/comments/1k9844z/im_so_tired_of_the_way_the_world_treats_ugly_women/,"I'm so tired of the way the world treats ugly women I am an ugly woman and I am tired of the way men and other women treat ugly women. I don't understand what I have ever done to them. I just exist. However, ugly men are praised in our society. An ugly guy in my college group is getting compliments. And he's not even rich, tall or muscular. I am so angry about this :/",female,"['tired' 'world' 'treat' 'ugly' 'ugly' 'tired' 'treat' 'ugly' 'understand'
 'exist' 'ugly' 'praise' 'society' 'ugly' 'college' 'group' 'compliment'
 'rich' 'tall' 'muscular' 'angry']",76,3,Gender Identity & Personal Experience,-0.9432885050773621,-0.9746
Feminism,US Women‚Äôs Health Initiative funding cancelled by Trump Dministration,"I‚Äôm so disgusted and angry with this administration, and here‚Äôs yet another harmful act against those who aren‚Äôt rich white cis straight ‚ÄúChristian‚Äù men. Apparently, women no longer of child-bearing age are of no value to them, and can just fuck off and die. ü§¨",GingerGalJeanie,363,16,2025-04-23 20:04:49,https://www.reddit.com/r/Feminism/comments/1k68wsq/us_womens_health_initiative_funding_cancelled_by/,"US Women‚Äôs Health Initiative funding cancelled by Trump Dministration I‚Äôm so disgusted and angry with this administration, and here‚Äôs yet another harmful act against those who aren‚Äôt rich white cis straight ‚ÄúChristian‚Äù men. Apparently, women no longer of child-bearing age are of no value to them, and can just fuck off and die. ü§¨",female,"['health' 'initiative' 'funding' 'cancel' 'trump' 'dministration'
 'disgusted' 'angry' 'administration' 'harmful' 'act' 'rich' 'white' 'cis'
 'straight' 'christian' 'apparently' 'long' 'child' 'bear' 'age' 'value'
 'fuck' 'die']",54,1,"Masculinity, Feminism & Social Norms",-0.9421869516372681,-0.9304
FemaleDatingStrategy,G.L Lambert is trash (@8plus9 on twitter),"He claims to be all about female empowerment but I absolutely hate the way he talks about women, ‚Äúbasica‚Äù ‚Äúdelusional‚Äù ‚Äúdummy‚Äù all because they fall for male bs.

He is rude and disrespectful and no amount of good advice can make up for his insults. I would never let a man talk to me that way! Now the idiot is charging women for his website and new editions of his books with regurgitated advice ü§¢

I actually liked his content when I was younger but now he makes me so angry because he is actually a misogynist packaging himself as a woman champion!",,129,14,2022-03-07 13:59:57,https://www.reddit.com/r/FemaleDatingStrategy/comments/t8ptq4/gl_lambert_is_trash_8plus9_on_twitter/,"G.L Lambert is trash (@8plus9 on twitter) He claims to be all about female empowerment but I absolutely hate the way he talks about women, ‚Äúbasica‚Äù ‚Äúdelusional‚Äù ‚Äúdummy‚Äù all because they fall for male bs.

He is rude and disrespectful and no amount of good advice can make up for his insults. I would never let a man talk to me that way! Now the idiot is charging women for his website and new editions of his books with regurgitated advice ü§¢

I actually liked his content when I was younger but now he makes me so angry because he is actually a misogynist packaging himself as a woman champion!",female,"['lambert' 'trash' 'twitter' 'claim' 'female' 'empowerment' 'absolutely'
 'hate' 'talk' 'basica' 'delusional' 'dummy' 'fall' 'male' 'bs' 'rude'
 'disrespectful' 'good' 'advice' 'insult' 'let' 'talk' 'idiot' 'charge'
 'website' 'new' 'edition' 'book' 'regurgitated' 'advice' 'actually'
 'content' 'young' 'angry' 'actually' 'misogynist' 'package' 'champion']",110,0,Life Experiences & Emotional Reflections,-0.9383983016014099,-0.9431
AskMen,How can a guy get rid of the negative self talk in his head?,"I absolutely hate myself for the way I look, talk and how smart I am. I have no talents and strengths to show case. I have never had a girlfriend in my life. I earn a mediocre salary which I probably don't deserve. 
I don't know what to do... How can a guy be useless.",yayazuck19,10151,1292,2019-10-03 11:44:18,https://www.reddit.com/r/AskMen/comments/dcppf1/how_can_a_guy_get_rid_of_the_negative_self_talk/,"How can a guy get rid of the negative self talk in his head? I absolutely hate myself for the way I look, talk and how smart I am. I have no talents and strengths to show case. I have never had a girlfriend in my life. I earn a mediocre salary which I probably don't deserve. 
I don't know what to do... How can a guy be useless.",male,"['rid' 'negative' 'self' 'talk' 'head' 'absolutely' 'hate' 'look' 'talk'
 'smart' 'talent' 'strength' 'case' 'girlfriend' 'life' 'earn' 'mediocre'
 'salary' 'probably' 'deserve' 'useless']",69,0,Life Experiences & Emotional Reflections,-0.9359673261642456,-0.6478
Feminism,Situation of Girls in my country is really depressing.,This video is form the Indian state of Bihar (one of the most underdeveloped state in India according to Human Development Index). I found this really heartbreaking; imagine so much potential of the country is ruined because of Male ego in these places. So many lives ruined.,trishit_m,2839,125,2025-03-14 04:53:06,https://v.redd.it/h5s2kmb66loe1,Situation of Girls in my country is really depressing. This video is form the Indian state of Bihar (one of the most underdeveloped state in India according to Human Development Index). I found this really heartbreaking; imagine so much potential of the country is ruined because of Male ego in these places. So many lives ruined.,female,"['situation' 'girls' 'country' 'depressing' 'video' 'form' 'indian'
 'state' 'bihar' 'underdeveloped' 'state' 'india' 'accord' 'human'
 'development' 'index' 'find' 'heartbreaking' 'imagine' 'potential'
 'country' 'ruin' 'male' 'ego' 'place' 'life' 'ruin']",56,4,Sexual Violence & Abuse,-0.9351629614830017,-0.9079
Feminism,"Poland's abortion ban is killing women. Literally. I started this because I‚Äôm sick of what‚Äôs happening to Polish women. Poland is in the EU ‚Äî and women are still forced to give birth after rape. It‚Äôs 2025, and we‚Äôre just letting this happen. Humanity, seriously? If you care...","I started this because I‚Äôm sick of what‚Äôs happening to Polish women.
Poland is in the EU ‚Äî and women are still forced to give birth after rape. Even if it kills them.
It‚Äôs 2025, and we‚Äôre just letting this happen. Humanity, seriously?
If you care, even a share helps...




https://4fund.com/hu/gkusyy",diridaralo,1162,29,2025-04-26 04:12:06,https://www.reddit.com/r/Feminism/comments/1k84cfm/polands_abortion_ban_is_killing_women_literally_i/,"Poland's abortion ban is killing women. Literally. I started this because I‚Äôm sick of what‚Äôs happening to Polish women. Poland is in the EU ‚Äî and women are still forced to give birth after rape. It‚Äôs 2025, and we‚Äôre just letting this happen. Humanity, seriously? If you care... I started this because I‚Äôm sick of what‚Äôs happening to Polish women.
Poland is in the EU ‚Äî and women are still forced to give birth after rape. Even if it kills them.
It‚Äôs 2025, and we‚Äôre just letting this happen. Humanity, seriously?
If you care, even a share helps...




https://4fund.com/hu/gkusyy",female,"['poland' 'abortion' 'ban' 'kill' 'literally' 'start' 'sick' 'happen'
 'polish' 'poland' 'eu' 'force' 'birth' 'rape' 'let' 'happen' 'humanity'
 'seriously' 'care' 'start' 'sick' 'happen' 'polish' 'poland' 'eu' 'force'
 'birth' 'rape' 'kill' 'let' 'happen' 'humanity' 'seriously' 'care'
 'share' 'help']",99,2,Parenting & Family Life,-0.9329078793525696,-0.9859
Feminism,why is this allowed,"WHY is this allowed. This is fuelling the people who want to rape women and children, i guarante on the rape hentai subreddit there are loli characters featured. WHY are there 1.3 MILLION members on a subreddit about rape fantasies. they should all be investigated. people thinking about raping people all day is going to make them want to do it more and more. SO degrading.",Crafty_Tennis7671,1357,108,2025-04-14 20:23:58,https://i.redd.it/8rezfemk0vue1.png,"why is this allowed WHY is this allowed. This is fuelling the people who want to rape women and children, i guarante on the rape hentai subreddit there are loli characters featured. WHY are there 1.3 MILLION members on a subreddit about rape fantasies. they should all be investigated. people thinking about raping people all day is going to make them want to do it more and more. SO degrading.",female,"['allow' 'allow' 'fuel' 'rape' 'child' 'guarante' 'rape' 'hentai'
 'subreddit' 'loli' 'character' 'feature' 'million' 'member' 'subreddit'
 'rape' 'fantasy' 'investigate' 'think' 'rape' 'go' 'degrading']",70,4,Sexual Violence & Abuse,-0.9328271746635437,-0.9786
Feminism,I‚Äôm nervous that tomorrow a rapist is going to be the president of the USA,"I have this sick feeling in my stomach. My mom bought me pepper spray and told me not to watch the news because it will only make things worse for me. 

Anyone who lives in the US, how are you all preparing? I‚Äôm afraid. And his whole cabinet is full of sexual predators. 

Just the thought the majority of American men (majority of white men voted for him. Majority of black men did not. And Latino men swung the election towards him.) voted for him makes me sick and disgusted. You can‚Äôt trust anyone. Be safe out there and careful who you trust. ",Prinlot22,1476,107,2025-01-20 00:19:39,https://www.reddit.com/r/Feminism/comments/1i5dfou/im_nervous_that_tomorrow_a_rapist_is_going_to_be/,"I‚Äôm nervous that tomorrow a rapist is going to be the president of the USA I have this sick feeling in my stomach. My mom bought me pepper spray and told me not to watch the news because it will only make things worse for me. 

Anyone who lives in the US, how are you all preparing? I‚Äôm afraid. And his whole cabinet is full of sexual predators. 

Just the thought the majority of American men (majority of white men voted for him. Majority of black men did not. And Latino men swung the election towards him.) voted for him makes me sick and disgusted. You can‚Äôt trust anyone. Be safe out there and careful who you trust. ",female,"['nervous' 'tomorrow' 'rapist' 'go' 'president' 'usa' 'sick' 'feeling'
 'stomach' 'mom' 'buy' 'pepper' 'spray' 'tell' 'watch' 'news' 'thing'
 'bad' 'live' 'prepare' 'afraid' 'cabinet' 'sexual' 'predator' 'thought'
 'majority' 'american' 'majority' 'white' 'vote' 'majority' 'black'
 'latino' 'swing' 'election' 'vote' 'sick' 'disgusted' 'trust' 'safe'
 'careful' 'trust']",118,0,Life Experiences & Emotional Reflections,-0.9327296018600464,-0.8922
TwoXChromosomes,Being an asian girl right now is horrifying,"Over the last year, being an Asian girl, of Chinese decent, has really opened my eyes to have horrible people can be. When the pandemic started the racist jokes just ramped up, mostly from my own friends too. 

As the pandemic went on it only seemed to worsen. I could barley go out for a walk without being screamed at by some person who thought the government‚Äôs failure to contain COVID-19 was my fault. It was always something about me being an Asian woman too, threats of rape of death in the middle of a neighbourhood, along with some slurs added in. 

With the shooting in Atlanta I‚Äôm now just fucking infuriated. ‚ÄúHaving a bad day‚Äù are you serious? I‚Äôve had so many bad days after being harassed while I try to get some damn exercise and yet I haven‚Äôt taken it out on anyone. 

How many men on the street that threatened me with death and rape were close to having a ‚Äúbad day‚Äù like that guy? I can‚Äôt help but to think that the men who‚Äôve threatened me on the street aren‚Äôt far off from the monster who targeted and a committed terrorism on innocent asian woman working at a spa.",boredasianteen,28901,1861,2021-03-19 16:49:35,https://www.reddit.com/r/TwoXChromosomes/comments/m8lhzp/being_an_asian_girl_right_now_is_horrifying/,"Being an asian girl right now is horrifying Over the last year, being an Asian girl, of Chinese decent, has really opened my eyes to have horrible people can be. When the pandemic started the racist jokes just ramped up, mostly from my own friends too. 

As the pandemic went on it only seemed to worsen. I could barley go out for a walk without being screamed at by some person who thought the government‚Äôs failure to contain COVID-19 was my fault. It was always something about me being an Asian woman too, threats of rape of death in the middle of a neighbourhood, along with some slurs added in. 

With the shooting in Atlanta I‚Äôm now just fucking infuriated. ‚ÄúHaving a bad day‚Äù are you serious? I‚Äôve had so many bad days after being harassed while I try to get some damn exercise and yet I haven‚Äôt taken it out on anyone. 

How many men on the street that threatened me with death and rape were close to having a ‚Äúbad day‚Äù like that guy? I can‚Äôt help but to think that the men who‚Äôve threatened me on the street aren‚Äôt far off from the monster who targeted and a committed terrorism on innocent asian woman working at a spa.",female,"['asian' 'right' 'horrify' 'year' 'asian' 'chinese' 'decent' 'open' 'eye'
 'horrible' 'pandemic' 'start' 'racist' 'joke' 'ramp' 'pandemic' 'go'
 'worsen' 'barley' 'walk' 'scream' 'person' 'think' 'government' 'failure'
 'contain' 'fault' 'asian' 'threat' 'rape' 'death' 'middle'
 'neighbourhood' 'slur' 'add' 'shooting' 'atlanta' 'fuck' 'infuriate'
 'bad' 'bad' 'harass' 'try' 'damn' 'exercise' 'take' 'street' 'threaten'
 'death' 'rape' 'close' 'bad' 'help' 'think' 'threaten' 'street' 'far'
 'monster' 'target' 'committed' 'terrorism' 'innocent' 'asian' 'work'
 'spa']",211,0,Life Experiences & Emotional Reflections,-0.9318362474441528,-0.987
AskMen,"Fucking stop it with the ""A woman hits you in the face, what do you do?"" questions!","Jesus fucking christ. 

There's been SEVERAL of these EVERY DAY, that I noticed! most get auto removed, thank fuck for automod.

One would think the morons posting these would be better at hiding their intense desire to cause violence to women, but apparently not! 

Before y'all go calling me a white knight cucklord, it's incredibly obvious to at least _some_ people (the ones that report these shitshows, you the MVPs) that you're all just circlejerking about how it's about equality and whatnot while thinly veiling your violent retaliation fantasies. NOBODY SHOULD BE HITTING ANYBODY, maybe grow the fuck up and learn about ""de-escalation"". Not that you'd do anything in real life anyway, but your misogynistic tough guy internet persona is cringe-worthy as fuck just the same.

In any case, I'm fucking done looking at it. Anything with ""A woman hits you"" or any combo of those words is gonna be auto removed.

Get therapy or some shit, jeez.",ExplosiveMachine,11127,1137,2021-09-19 20:12:51,https://www.reddit.com/r/AskMen/comments/prfi20/fucking_stop_it_with_the_a_woman_hits_you_in_the/,"Fucking stop it with the ""A woman hits you in the face, what do you do?"" questions! Jesus fucking christ. 

There's been SEVERAL of these EVERY DAY, that I noticed! most get auto removed, thank fuck for automod.

One would think the morons posting these would be better at hiding their intense desire to cause violence to women, but apparently not! 

Before y'all go calling me a white knight cucklord, it's incredibly obvious to at least _some_ people (the ones that report these shitshows, you the MVPs) that you're all just circlejerking about how it's about equality and whatnot while thinly veiling your violent retaliation fantasies. NOBODY SHOULD BE HITTING ANYBODY, maybe grow the fuck up and learn about ""de-escalation"". Not that you'd do anything in real life anyway, but your misogynistic tough guy internet persona is cringe-worthy as fuck just the same.

In any case, I'm fucking done looking at it. Anything with ""A woman hits you"" or any combo of those words is gonna be auto removed.

Get therapy or some shit, jeez.",male,"['fucking' 'stop' 'hit' 'face' 'question' 'jesus' 'fuck' 'christ' 'notice'
 'auto' 'remove' 'thank' 'fuck' 'automod' 'think' 'moron' 'well' 'hide'
 'intense' 'desire' 'cause' 'violence' 'apparently' 'call' 'white'
 'knight' 'cucklord' 'incredibly' 'obvious' 'report' 'shitshow' 'mvp'
 'circlejerke' 'equality' 'whatnot' 'thinly' 'veil' 'violent'
 'retaliation' 'fantasy' 'hit' 'anybody' 'maybe' 'grow' 'fuck' 'learn'
 'de' 'escalation' 'real' 'life' 'misogynistic' 'tough' 'internet'
 'persona' 'cringe' 'worthy' 'fuck' 'case' 'fuck' 'look' 'hit' 'combo'
 'word' 'go' 'auto' 'remove' 'therapy' 'shit' 'jeez']",175,0,Life Experiences & Emotional Reflections,-0.9300678968429565,-0.9808
Feminism,why do people hate women so much?,I just don't get it. why am i a object to everyone instead of a living being? why is it ok to take away our rights and talk about how much you'd love to rape and torture us but we're worse than hitler when we ask to be treated like human beings? why do they hate us so much but love our bodies at the same time? I know it's control but all of it just seems useless. what's the fucking point?,InevitableGas4370,333,92,2025-05-24 01:58:53,https://www.reddit.com/r/Feminism/comments/1ku0klk/why_do_people_hate_women_so_much/,why do people hate women so much? I just don't get it. why am i a object to everyone instead of a living being? why is it ok to take away our rights and talk about how much you'd love to rape and torture us but we're worse than hitler when we ask to be treated like human beings? why do they hate us so much but love our bodies at the same time? I know it's control but all of it just seems useless. what's the fucking point?,female,"['hate' 'object' 'instead' 'living' 'ok' 'away' 'right' 'talk' 'love'
 'rape' 'torture' 'bad' 'hitler' 'treat' 'human' 'hate' 'love' 'body'
 'time' 'control' 'useless' 'fucking' 'point']",89,0,Life Experiences & Emotional Reflections,-0.9293468594551086,-0.8504
Feminism,My friend chose a misogynistic partner and now i have to hangout with both of them,Yes this is basically a rant. But my very close friend chose a misogynistic partner who keeps on cutting other people off and talk to other women in the group in a condescending voice. And now we all have to suffer because of her choice of partner üôÑ I would love to never having to hang out with him but I cherish my friendship with my friend and I can't tell her that her husband sucks!! ,Advanced_Tie3595,54,44,2025-05-26 10:16:33,https://www.reddit.com/r/Feminism/comments/1kvqvu7/my_friend_chose_a_misogynistic_partner_and_now_i/,My friend chose a misogynistic partner and now i have to hangout with both of them Yes this is basically a rant. But my very close friend chose a misogynistic partner who keeps on cutting other people off and talk to other women in the group in a condescending voice. And now we all have to suffer because of her choice of partner üôÑ I would love to never having to hang out with him but I cherish my friendship with my friend and I can't tell her that her husband sucks!! ,female,"['choose' 'misogynistic' 'partner' 'hangout' 'yes' 'basically' 'rant'
 'close' 'choose' 'misogynistic' 'partner' 'keep' 'cut' 'talk' 'group'
 'condescend' 'voice' 'suffer' 'choice' 'partner' 'love' 'hang' 'cherish'
 'friendship' 'tell' 'husband' 'suck']",92,0,Life Experiences & Emotional Reflections,-0.9293335676193237,0.9496
Feminism,"As a woman, speaking up is seen as yelling ","Im fucking sick of this. Whenever I speak up, or try to be assertive, point out things that were wrong, defending myself, I always get the ""calm down"" ""you're yelling"" and many more forms of gaslighting, which drives me into a perpetual self doubt state. I use my normal tone of voice but hey, people seem to not like a woman's voice if it's not sweet and kind. Fuck that",Capable_Weather_5053,1540,108,2024-10-28 02:52:19,https://www.reddit.com/r/Feminism/comments/1gds9p7/as_a_woman_speaking_up_is_seen_as_yelling/,"As a woman, speaking up is seen as yelling  Im fucking sick of this. Whenever I speak up, or try to be assertive, point out things that were wrong, defending myself, I always get the ""calm down"" ""you're yelling"" and many more forms of gaslighting, which drives me into a perpetual self doubt state. I use my normal tone of voice but hey, people seem to not like a woman's voice if it's not sweet and kind. Fuck that",female,"['speak' 'see' 'yell' 'fuck' 'sick' 'speak' 'try' 'assertive' 'point'
 'thing' 'wrong' 'defend' 'calm' 'yell' 'form' 'gaslighting' 'drive'
 'perpetual' 'self' 'doubt' 'state' 'use' 'normal' 'tone' 'voice' 'hey'
 'voice' 'sweet' 'kind' 'fuck']",79,0,Life Experiences & Emotional Reflections,-0.9283287525177002,-0.9568
MensRights,"At this point, I straight up cannot support these people. (Read Desc)","For context, the reel was about sexual assault (against women) being ignored, and comments agreed and said men have sa support and girls don't. Excuse me? A girl can accuse a man of rape, and the police will arrest them with no evidence? A man gets raped, we get the, ""you enjoyed it"" shit. I take extreme offense as a victim of rape myself. (I'm 16m and got raped by a 19f at 15) Sex has been PERMANENTLY ruined for me. I have recieved no support, but tons of anger from my parents for losing my virginity. And here we have all the women not caring like usual and victim blaming. I can't express HOW FUCKING ANGRY THIS SHIT GETS ME.",spyro_rider,78,19,2025-05-25 18:58:51,https://www.reddit.com/gallery/1kva65p,"At this point, I straight up cannot support these people. (Read Desc) For context, the reel was about sexual assault (against women) being ignored, and comments agreed and said men have sa support and girls don't. Excuse me? A girl can accuse a man of rape, and the police will arrest them with no evidence? A man gets raped, we get the, ""you enjoyed it"" shit. I take extreme offense as a victim of rape myself. (I'm 16m and got raped by a 19f at 15) Sex has been PERMANENTLY ruined for me. I have recieved no support, but tons of anger from my parents for losing my virginity. And here we have all the women not caring like usual and victim blaming. I can't express HOW FUCKING ANGRY THIS SHIT GETS ME.",male,"['point' 'straight' 'support' 'read' 'desc' 'context' 'reel' 'sexual'
 'assault' 'ignore' 'agree' 'sa' 'support' 'excuse' 'accuse' 'rape'
 'police' 'arrest' 'evidence' 'rape' 'enjoy' 'shit' 'extreme' 'offense'
 'victim' 'rape' 'rape' 'sex' 'permanently' 'ruin' 'recieve' 'support'
 'ton' 'anger' 'parent' 'lose' 'virginity' 'care' 'usual' 'victim'
 'blaming' 'express' 'fucking' 'angry' 'shit']",133,4,Sexual Violence & Abuse,-0.9265243411064148,-0.996
TwoXChromosomes,"It speaks volumes that the same people who shout that abortion is murder and that all life is sacred are the first to advocate for slaughtering people for destroying property. You know, replaceable items. They don't give a fuck about life.","I have seen this over and over the past few months. 

The same folks I know who shout about how abortion is murder and that all life is sacred.... they come out of the woodwork to advocate for killing protesters for destroying property. 

In fact, it is almost like they get off at the thought of slaughtering a group of protesters for setting a Wendy's on fire. 

And then when protesters do get executed for damaging property in Kenosha, these people who claim to be so ""pro-life"" are literally fucking CHEERING about it. 


They don't care about protecting life. 

They care about control and authoritarianism.",relevantlife,26330,955,2020-08-28 15:00:00,https://www.reddit.com/r/TwoXChromosomes/comments/ii8l4z/it_speaks_volumes_that_the_same_people_who_shout/,"It speaks volumes that the same people who shout that abortion is murder and that all life is sacred are the first to advocate for slaughtering people for destroying property. You know, replaceable items. They don't give a fuck about life. I have seen this over and over the past few months. 

The same folks I know who shout about how abortion is murder and that all life is sacred.... they come out of the woodwork to advocate for killing protesters for destroying property. 

In fact, it is almost like they get off at the thought of slaughtering a group of protesters for setting a Wendy's on fire. 

And then when protesters do get executed for damaging property in Kenosha, these people who claim to be so ""pro-life"" are literally fucking CHEERING about it. 


They don't care about protecting life. 

They care about control and authoritarianism.",female,"['speak' 'volume' 'shout' 'abortion' 'murder' 'life' 'sacred' 'advocate'
 'slaughter' 'destroy' 'property' 'replaceable' 'item' 'fuck' 'life' 'see'
 'past' 'month' 'folk' 'shout' 'abortion' 'murder' 'life' 'sacred' 'come'
 'woodwork' 'advocate' 'kill' 'protester' 'destroy' 'property' 'fact'
 'thought' 'slaughter' 'group' 'protester' 'set' 'wendy' 'fire'
 'protester' 'execute' 'damage' 'property' 'kenosha' 'claim' 'pro' 'life'
 'literally' 'fuck' 'cheering' 'care' 'protect' 'life' 'care' 'control'
 'authoritarianism']",146,0,Life Experiences & Emotional Reflections,-0.9250237345695496,-0.9804
TwoXChromosomes,"These motherfuckers won't even test rape kits to find rapists, but they'll test YOUR DNA if you get raped","San Francisco police have used rape kits to test victims' DNA to see if they are suspects in other crimes: [https://www.npr.org/2022/02/14/1080754372/san-francisco-police-dna-rape-victims](https://www.npr.org/2022/02/14/1080754372/san-francisco-police-dna-rape-victims)

It makes me so mad because there are still thousands of untested rape kits because police departments can't be bothered to find rapists.",Botryoid2000,20652,528,2022-02-15 16:57:24,https://www.reddit.com/r/TwoXChromosomes/comments/st7izw/these_motherfuckers_wont_even_test_rape_kits_to/,"These motherfuckers won't even test rape kits to find rapists, but they'll test YOUR DNA if you get raped San Francisco police have used rape kits to test victims' DNA to see if they are suspects in other crimes: [https://www.npr.org/2022/02/14/1080754372/san-francisco-police-dna-rape-victims](https://www.npr.org/2022/02/14/1080754372/san-francisco-police-dna-rape-victims)

It makes me so mad because there are still thousands of untested rape kits because police departments can't be bothered to find rapists.",female,"['motherfucker' 'test' 'rape' 'kit' 'find' 'rapist' 'test' 'dna' 'rape'
 'san' 'francisco' 'police' 'rape' 'kit' 'test' 'victim' 'dna' 'suspect'
 'crime' 'mad' 'thousand' 'untested' 'rape' 'kit' 'police' 'department'
 'bother' 'find' 'rapist']",63,4,Sexual Violence & Abuse,-0.9250105619430542,-0.9287
MensRights,"Jesus, when my paycheck is $2700 and $2676 goes to my ex, there is something seriously fucking wrong","Not sure what the hell is going on, she was already getting over 50% of my salary.  Now she is getting nearly every penny that I earn?  Sorry for the rant, but this is enough to make me quit and go on unemployment.",,7563,1045,2016-10-29 13:25:37,https://www.reddit.com/r/MensRights/comments/5a0fbp/jesus_when_my_paycheck_is_2700_and_2676_goes_to/,"Jesus, when my paycheck is $2700 and $2676 goes to my ex, there is something seriously fucking wrong Not sure what the hell is going on, she was already getting over 50% of my salary.  Now she is getting nearly every penny that I earn?  Sorry for the rant, but this is enough to make me quit and go on unemployment.",male,"['jesus' 'paycheck' 'go' 'ex' 'seriously' 'fuck' 'wrong' 'sure' 'hell'
 'go' 'salary' 'nearly' 'penny' 'earn' 'sorry' 'rant' 'quit'
 'unemployment']",61,0,Life Experiences & Emotional Reflections,-0.9244279861450195,-0.8924
AskMen,"Suicide is the leading cause of death in men from ages 25-34, what can we do to change this?","The more I research the more fucked it is. Suicide by cop, shooting being the number one cause of death in children. Mostly by males. 

What can we do to fix this?",,10419,3740,2023-03-12 09:50:04,https://www.reddit.com/r/AskMen/comments/11paotk/suicide_is_the_leading_cause_of_death_in_men_from/,"Suicide is the leading cause of death in men from ages 25-34, what can we do to change this? The more I research the more fucked it is. Suicide by cop, shooting being the number one cause of death in children. Mostly by males. 

What can we do to fix this?",male,"['suicide' 'lead' 'cause' 'death' 'age' 'change' 'research' 'fuck'
 'suicide' 'cop' 'shoot' 'number' 'cause' 'death' 'child' 'male' 'fix']",51,4,Sexual Violence & Abuse,-0.9231036305427551,-0.9737
MensRights,Vilification of men by 8yo,"Just watch the first few seconds of this report from ABC. Warning - it's the most depressing thing I've seen lately & that's really saying something.

Can you imagine how this girl is going to grow up? Can you imagine her mother? Can you picture the ABC viewers going maudlin - ""Oh isn't she such a delightful little bigot!""

Of course ABC ignores the men who are killed in twice the numbers. I despair.",StripedFalafel,114,18,2025-05-12 22:44:51,https://www.youtube.com/shorts/nXGfAlx4d9w,"Vilification of men by 8yo Just watch the first few seconds of this report from ABC. Warning - it's the most depressing thing I've seen lately & that's really saying something.

Can you imagine how this girl is going to grow up? Can you imagine her mother? Can you picture the ABC viewers going maudlin - ""Oh isn't she such a delightful little bigot!""

Of course ABC ignores the men who are killed in twice the numbers. I despair.",male,"['vilification' 'watch' 'second' 'report' 'abc' 'warning' 'depressing'
 'thing' 'see' 'lately' 'imagine' 'go' 'grow' 'imagine' 'mother' 'picture'
 'abc' 'viewer' 'go' 'maudlin' 'oh' 'delightful' 'little' 'bigot' 'course'
 'abc' 'ignore' 'kill' 'twice' 'number' 'despair']",79,0,Life Experiences & Emotional Reflections,-0.9226261377334595,-0.951
AskMen,IT EXPLICITLY SAYS ‚ÄúNo Gift Posts‚Äù IN THE SIDE BAR; WHY DO STUPID MOTHERFUCKERS CHOOSE TO IGNORE THIS FACT?,"IF YOU KNOW YOUR MAN SO LITTLE THAT YOU HAVE *NO* IDEA WHAT TO GIFT HIM FOR CHRISTMAS, YOUR RELATIONSHIP IS DOOMED TO FAIL

IF I SEE THIS SHIT AGAIN, IT‚ÄôS A FOUR WEEK BAN

FUCK YOU ALL

[E: ngl, reports weak af today](https://imgur.com/a/VT64873)",mashonem,14340,1496,2020-12-04 03:20:12,https://www.reddit.com/r/AskMen/comments/k6cnu4/it_explicitly_says_no_gift_posts_in_the_side_bar/,"IT EXPLICITLY SAYS ‚ÄúNo Gift Posts‚Äù IN THE SIDE BAR; WHY DO STUPID MOTHERFUCKERS CHOOSE TO IGNORE THIS FACT? IF YOU KNOW YOUR MAN SO LITTLE THAT YOU HAVE *NO* IDEA WHAT TO GIFT HIM FOR CHRISTMAS, YOUR RELATIONSHIP IS DOOMED TO FAIL

IF I SEE THIS SHIT AGAIN, IT‚ÄôS A FOUR WEEK BAN

FUCK YOU ALL

[E: ngl, reports weak af today](https://imgur.com/a/VT64873)",male,"['explicitly' 'gift' 'posts' 'bar' 'stupid' 'motherfucker' 'choose'
 'ignore' 'fact' 'little' 'idea' 'gift' 'christmas' 'relationship'
 'doomed' 'fail' 'shit' 'week' 'ban' 'fuck' 'e' 'ngl' 'report' 'weak' 'af']",63,0,Life Experiences & Emotional Reflections,-0.916601836681366,-0.9814
Feminism,"Man, 23, who raped mother-of-two in Aberdeen and burned her alive given lighter sentence due to young age","TW: rape, murder 

I am honestly disgusted. How is 23 not old enough to understand the legal and ethical ramifications of your actions? The legal system is constantly making excuses for men.",,2212,222,2023-05-25 15:24:33,https://news.sky.com/story/amp/jill-barclay-man-23-who-raped-mum-of-two-in-aberdeen-and-burned-her-alive-given-lesser-sentence-due-to-young-age-12888501,"Man, 23, who raped mother-of-two in Aberdeen and burned her alive given lighter sentence due to young age TW: rape, murder 

I am honestly disgusted. How is 23 not old enough to understand the legal and ethical ramifications of your actions? The legal system is constantly making excuses for men.",female,"['rape' 'mother' 'aberdeen' 'burn' 'alive' 'give' 'light' 'sentence'
 'young' 'age' 'tw' 'rape' 'murder' 'honestly' 'disgusted' 'old'
 'understand' 'legal' 'ethical' 'ramification' 'action' 'legal' 'system'
 'constantly' 'excuse']",50,4,Sexual Violence & Abuse,-0.9164373874664307,-0.8481
TwoXChromosomes,"Right-wing & libertarian men, we hate you.","Your archaic belief systems dictate our worth. 

Your uninformed policies control our bodies. 

Your gun lust kills our children. 

You are a blight, an absolute parasite on this earth, responsible for so much violence and destruction. 

Women are your highest prize. Your trophy wives, your baby makers, your caretakers, your maids, your cooks, your nurses.... 

You NEED us, so you control us so we can't reject you. And when we do, you rape us. 

But it won't last. Our rage runs deep and long, and you will all pay for this for years to come. 

More and more women are realizing how much they despise you. Women are divorcing their husbands and leaving their boyfriends. More of us are swearing off men and refusing to have your babies. 

More and more of you will be friendzoned. Rejected. Dumped. Alone. 

The very thing you fear most is coming to pass and it's all your own fault.

Edit: So many fragile boys in my DMs. I'm married to a man though, sorry.",Intresting_Reaction,38215,4305,2022-05-24 21:08:58,https://www.reddit.com/r/TwoXChromosomes/comments/ux15db/rightwing_libertarian_men_we_hate_you/,"Right-wing & libertarian men, we hate you. Your archaic belief systems dictate our worth. 

Your uninformed policies control our bodies. 

Your gun lust kills our children. 

You are a blight, an absolute parasite on this earth, responsible for so much violence and destruction. 

Women are your highest prize. Your trophy wives, your baby makers, your caretakers, your maids, your cooks, your nurses.... 

You NEED us, so you control us so we can't reject you. And when we do, you rape us. 

But it won't last. Our rage runs deep and long, and you will all pay for this for years to come. 

More and more women are realizing how much they despise you. Women are divorcing their husbands and leaving their boyfriends. More of us are swearing off men and refusing to have your babies. 

More and more of you will be friendzoned. Rejected. Dumped. Alone. 

The very thing you fear most is coming to pass and it's all your own fault.

Edit: So many fragile boys in my DMs. I'm married to a man though, sorry.",female,"['right' 'wing' 'libertarian' 'hate' 'archaic' 'belief' 'system' 'dictate'
 'worth' 'uninformed' 'policy' 'control' 'body' 'gun' 'lust' 'kill'
 'child' 'blight' 'absolute' 'parasite' 'earth' 'responsible' 'violence'
 'destruction' 'high' 'prize' 'trophy' 'wife' 'baby' 'maker' 'caretaker'
 'maid' 'cook' 'nurse' 'control' 'reject' 'rape' 'rage' 'run' 'deep'
 'long' 'pay' 'year' 'come' 'realize' 'despise' 'divorce' 'husband'
 'leave' 'boyfriend' 'swear' 'refuse' 'baby' 'friendzone' 'reject' 'dump'
 'thing' 'fear' 'come' 'pass' 'fault' 'fragile' 'boy' 'dms' 'married'
 'sorry']",177,0,Life Experiences & Emotional Reflections,-0.9151286482810974,-0.9859
